ecl_block	map_name	address	kind	resolution	monster_ref	monster_id	monster_name	candidate_monsters	max_distance	pic_ref	copies	raw
17	Caloris Space Port	0x85E9	setup_monster	constant	52	52	RAM WARRIOR		0	255	None	0x85E9 0x0C SETUP MONSTER sprite_id: 52 max_distance: 0 pic_id: 255
17	Caloris Space Port	0x86ED	setup_monster	constant	50	50	SECURITY ROBOT		0	255	None	0x86ED 0x0C SETUP MONSTER sprite_id: 50 max_distance: 0 pic_id: 255
17	Caloris Space Port	0x8732	setup_monster	constant	5	5	PURGE COMMANDO		0	255	None	0x8732 0x0C SETUP MONSTER sprite_id: 5 max_distance: 0 pic_id: 255
17	Caloris Space Port	0x87B0	setup_monster	constant	33	33	MER. WARRIOR		0	255	None	0x87B0 0x0C SETUP MONSTER sprite_id: 33 max_distance: 0 pic_id: 255
17	Caloris Space Port	0x89EF	setup_monster	constant	50	50	SECURITY ROBOT		0	255	None	0x89EF 0x0C SETUP MONSTER sprite_id: 50 max_distance: 0 pic_id: 255
17	Caloris Space Port	0x8C27	setup_monster	constant	5	5	PURGE COMMANDO		0	255	None	0x8C27 0x0C SETUP MONSTER sprite_id: 5 max_distance: 0 pic_id: 255
17	Caloris Space Port	0x8C54	setup_monster	constant	52	52	RAM WARRIOR		0	255	None	0x8C54 0x0C SETUP MONSTER sprite_id: 52 max_distance: 0 pic_id: 255
17	Caloris Space Port	0x91EA	setup_monster	constant	33	33	MER. WARRIOR		0	255	None	0x91EA 0x0C SETUP MONSTER sprite_id: 33 max_distance: 0 pic_id: 255
17	Caloris Space Port	0x9634	setup_monster	sentinel_or_pic_only	255	255			0	86	None	0x9634 0x0C SETUP MONSTER sprite_id: 255 max_distance: 0 pic_id: 86
20		0x8F6C	setup_monster	sentinel_or_pic_only	255	255			0	255	None	0x8F6C 0x0C SETUP MONSTER sprite_id: 255 max_distance: 0 pic_id: 255
20		0x8FA1	setup_monster	sentinel_or_pic_only	255	255			0	255	None	0x8FA1 0x0C SETUP MONSTER sprite_id: 255 max_distance: 0 pic_id: 255
21	21	0x83DE	setup_monster	candidate_table	area2.event_scratch7	None		RAM WARRIOR, SECURITY ROBOT, PIRATE LEADER, MER. WARRIOR	0	255	None	0x83DE 0x0C SETUP MONSTER sprite_id: area2.event_scratch7 max_distance: 0 pic_id: 255
21	21	0x863A	setup_monster	candidate_table	area2.event_scratch7	None		RAM WARRIOR, SECURITY ROBOT, PIRATE LEADER, MER. WARRIOR	0	255	None	0x863A 0x0C SETUP MONSTER sprite_id: area2.event_scratch7 max_distance: 0 pic_id: 255
21	21	0x86EC	setup_monster	candidate_table	area2.event_scratch7	None		RAM WARRIOR, SECURITY ROBOT, PIRATE LEADER, MER. WARRIOR	0	255	None	0x86EC 0x0C SETUP MONSTER sprite_id: area2.event_scratch7 max_distance: 0 pic_id: 255
21	21	0x8785	setup_monster	candidate_table	area2.event_scratch7	None		RAM WARRIOR, SECURITY ROBOT, PIRATE LEADER, MER. WARRIOR	0	255	None	0x8785 0x0C SETUP MONSTER sprite_id: area2.event_scratch7 max_distance: 0 pic_id: 255
21	21	0x881D	setup_monster	candidate_table	area2.event_scratch7	None		RAM WARRIOR, SECURITY ROBOT, PIRATE LEADER, MER. WARRIOR	0	255	None	0x881D 0x0C SETUP MONSTER sprite_id: area2.event_scratch7 max_distance: 0 pic_id: 255
21	21	0x88E4	setup_monster	candidate_table	area2.event_scratch7	None		RAM WARRIOR, SECURITY ROBOT, PIRATE LEADER, MER. WARRIOR	0	255	None	0x88E4 0x0C SETUP MONSTER sprite_id: area2.event_scratch7 max_distance: 0 pic_id: 255
21	21	0x8A09	setup_monster	candidate_table	area2.event_scratch7	None		RAM WARRIOR, SECURITY ROBOT, PIRATE LEADER, MER. WARRIOR	0	255	None	0x8A09 0x0C SETUP MONSTER sprite_id: area2.event_scratch7 max_distance: 0 pic_id: 255
21	21	0x8AC6	setup_monster	constant	47	47	RAM G.D. GENNIE		0	255	None	0x8AC6 0x0C SETUP MONSTER sprite_id: 47 max_distance: 0 pic_id: 255
32		0x9205	setup_monster	sentinel_or_pic_only	255	255			0	255	None	0x9205 0x0C SETUP MONSTER sprite_id: 255 max_distance: 0 pic_id: 255
32		0x922D	setup_monster	sentinel_or_pic_only	255	255			1	255	None	0x922D 0x0C SETUP MONSTER sprite_id: 255 max_distance: 1 pic_id: 255
32		0x925F	setup_monster	sentinel_or_pic_only	255	255			0	255	None	0x925F 0x0C SETUP MONSTER sprite_id: 255 max_distance: 0 pic_id: 255
32		0x928A	setup_monster	sentinel_or_pic_only	255	255			0	255	None	0x928A 0x0C SETUP MONSTER sprite_id: 255 max_distance: 0 pic_id: 255
33	Losangelorg Sprawls	0x8392	setup_monster	candidate_table	area2.event_scratch1	None		STAGE 5 ECG	0	area2.event_scratch2	None	0x8392 0x0C SETUP MONSTER sprite_id: area2.event_scratch1 max_distance: 0 pic_id: area2.event_scratch2
33	Losangelorg Sprawls	0x8787	setup_monster	sentinel_or_pic_only	255	255			0	32	None	0x8787 0x0C SETUP MONSTER sprite_id: 255 max_distance: 0 pic_id: 32
33	Losangelorg Sprawls	0x8C1C	setup_monster	constant	12	12	GANG LEADER		0	255	None	0x8C1C 0x0C SETUP MONSTER sprite_id: 12 max_distance: 0 pic_id: 255
33	Losangelorg Sprawls	0x8DD6	setup_monster	sentinel_or_pic_only	255	255			0	85	None	0x8DD6 0x0C SETUP MONSTER sprite_id: 255 max_distance: 0 pic_id: 85
33	Losangelorg Sprawls	0x942F	setup_monster	constant	52	52	RAM WARRIOR		0	255	None	0x942F 0x0C SETUP MONSTER sprite_id: 52 max_distance: 0 pic_id: 255
33	Losangelorg Sprawls	0x966B	setup_monster	constant	12	12	GANG LEADER		0	255	None	0x966B 0x0C SETUP MONSTER sprite_id: 12 max_distance: 0 pic_id: 255
33	Losangelorg Sprawls	0x9A37	setup_monster	sentinel_or_pic_only	255	255			0	85	None	0x9A37 0x0C SETUP MONSTER sprite_id: 255 max_distance: 0 pic_id: 85
33	Losangelorg Sprawls	0x9B3B	setup_monster	constant	12	12	GANG LEADER		0	255	None	0x9B3B 0x0C SETUP MONSTER sprite_id: 12 max_distance: 0 pic_id: 255
33	Losangelorg Sprawls	0x9ED5	setup_monster	constant	12	12	GANG LEADER		0	255	None	0x9ED5 0x0C SETUP MONSTER sprite_id: 12 max_distance: 0 pic_id: 255
33	Losangelorg Sprawls	0xA266	setup_monster	sentinel_or_pic_only	255	255			0	85	None	0xA266 0x0C SETUP MONSTER sprite_id: 255 max_distance: 0 pic_id: 85
34	Historical Museum, Levels 2-1	0x84B7	setup_monster	constant	50	50	SECURITY ROBOT		0	255	None	0x84B7 0x0C SETUP MONSTER sprite_id: 50 max_distance: 0 pic_id: 255
34	Historical Museum, Levels 2-1	0x853F	setup_monster	candidate_table	area2.event_scratch1	None		LG. E.C. GENNIE, RAM WARRIOR	0	area2.event_scratch2	None	0x853F 0x0C SETUP MONSTER sprite_id: area2.event_scratch1 max_distance: 0 pic_id: area2.event_scratch2
34	Historical Museum, Levels 2-1	0x8A85	setup_monster	constant	52	52	RAM WARRIOR		1	255	None	0x8A85 0x0C SETUP MONSTER sprite_id: 52 max_distance: 1 pic_id: 255
34	Historical Museum, Levels 2-1	0x8BF2	setup_monster	constant	52	52	RAM WARRIOR		0	255	None	0x8BF2 0x0C SETUP MONSTER sprite_id: 52 max_distance: 0 pic_id: 255
34	Historical Museum, Levels 2-1	0x94F9	setup_monster	sentinel_or_pic_only	255	255			0	32	None	0x94F9 0x0C SETUP MONSTER sprite_id: 255 max_distance: 0 pic_id: 32
34	Historical Museum, Levels 2-1	0x988D	setup_monster	constant	52	52	RAM WARRIOR		0	255	None	0x988D 0x0C SETUP MONSTER sprite_id: 52 max_distance: 0 pic_id: 255
34	Historical Museum, Levels 2-1	0x9E87	setup_monster	constant	52	52	RAM WARRIOR		0	255	None	0x9E87 0x0C SETUP MONSTER sprite_id: 52 max_distance: 0 pic_id: 255
34	Historical Museum, Levels 2-1	0x9FDD	setup_monster	constant	50	50	SECURITY ROBOT		2	255	None	0x9FDD 0x0C SETUP MONSTER sprite_id: 50 max_distance: 2 pic_id: 255
35	Asteroid Base	0x9EFB	setup_monster	constant	52	52	RAM WARRIOR		0	255	None	0x9EFB 0x0C SETUP MONSTER sprite_id: 52 max_distance: 0 pic_id: 255
36		0x884D	setup_monster	candidate_table	area2.event_scratch1	None		LG. E.C. GENNIE, RAM WARRIOR	0	area2.event_scratch2	None	0x884D 0x0C SETUP MONSTER sprite_id: area2.event_scratch1 max_distance: 0 pic_id: area2.event_scratch2
36		0x89D7	setup_monster	constant	52	52	RAM WARRIOR		0	255	None	0x89D7 0x0C SETUP MONSTER sprite_id: 52 max_distance: 0 pic_id: 255
36		0x8A2D	setup_monster	constant	49	49	COMBAT ROBOT		0	255	None	0x8A2D 0x0C SETUP MONSTER sprite_id: 49 max_distance: 0 pic_id: 255
36		0x8D35	setup_monster	constant	52	52	RAM WARRIOR		0	255	None	0x8D35 0x0C SETUP MONSTER sprite_id: 52 max_distance: 0 pic_id: 255
36		0x90E6	setup_monster	constant	52	52	RAM WARRIOR		0	255	None	0x90E6 0x0C SETUP MONSTER sprite_id: 52 max_distance: 0 pic_id: 255
36		0x921D	setup_monster	constant	49	49	COMBAT ROBOT		0	255	None	0x921D 0x0C SETUP MONSTER sprite_id: 49 max_distance: 0 pic_id: 255
36		0x985A	setup_monster	constant	49	49	COMBAT ROBOT		0	255	None	0x985A 0x0C SETUP MONSTER sprite_id: 49 max_distance: 0 pic_id: 255
36		0x9C6C	setup_monster	constant	52	52	RAM WARRIOR		0	255	None	0x9C6C 0x0C SETUP MONSTER sprite_id: 52 max_distance: 0 pic_id: 255
37		0x82E6	setup_monster	candidate_table	area2.event_scratch1	None		STAGE 5 ECG	0	area2.event_scratch2	None	0x82E6 0x0C SETUP MONSTER sprite_id: area2.event_scratch1 max_distance: 0 pic_id: area2.event_scratch2
37		0x8384	setup_monster	constant	12	12	GANG LEADER		0	255	None	0x8384 0x0C SETUP MONSTER sprite_id: 12 max_distance: 0 pic_id: 255
37		0x86A5	setup_monster	constant	52	52	RAM WARRIOR		0	255	None	0x86A5 0x0C SETUP MONSTER sprite_id: 52 max_distance: 0 pic_id: 255
37		0x870F	setup_monster	constant	12	12	GANG LEADER		0	255	None	0x870F 0x0C SETUP MONSTER sprite_id: 12 max_distance: 0 pic_id: 255
37		0x87F1	setup_monster	constant	12	12	GANG LEADER		0	255	None	0x87F1 0x0C SETUP MONSTER sprite_id: 12 max_distance: 0 pic_id: 255
37		0x8ACA	setup_monster	constant	12	12	GANG LEADER		0	255	None	0x8ACA 0x0C SETUP MONSTER sprite_id: 12 max_distance: 0 pic_id: 255
37		0x8BBC	setup_monster	constant	12	12	GANG LEADER		1	255	None	0x8BBC 0x0C SETUP MONSTER sprite_id: 12 max_distance: 1 pic_id: 255
37		0x904F	setup_monster	constant	52	52	RAM WARRIOR		1	255	None	0x904F 0x0C SETUP MONSTER sprite_id: 52 max_distance: 1 pic_id: 255
37		0x9095	setup_monster	constant	52	52	RAM WARRIOR		0	255	None	0x9095 0x0C SETUP MONSTER sprite_id: 52 max_distance: 0 pic_id: 255
37		0x9278	setup_monster	constant	12	12	GANG LEADER		0	255	None	0x9278 0x0C SETUP MONSTER sprite_id: 12 max_distance: 0 pic_id: 255
37		0x93A9	setup_monster	constant	52	52	RAM WARRIOR		0	255	None	0x93A9 0x0C SETUP MONSTER sprite_id: 52 max_distance: 0 pic_id: 255
37		0x94A8	setup_monster	constant	12	12	GANG LEADER		1	255	None	0x94A8 0x0C SETUP MONSTER sprite_id: 12 max_distance: 1 pic_id: 255
37		0x988C	setup_monster	constant	12	12	GANG LEADER		0	255	None	0x988C 0x0C SETUP MONSTER sprite_id: 12 max_distance: 0 pic_id: 255
37		0xA192	setup_monster	constant	12	12	GANG LEADER		0	255	None	0xA192 0x0C SETUP MONSTER sprite_id: 12 max_distance: 0 pic_id: 255
37		0xA1EE	setup_monster	constant	12	12	GANG LEADER		0	255	None	0xA1EE 0x0C SETUP MONSTER sprite_id: 12 max_distance: 0 pic_id: 255
38	Losangelorg Sprawls	0x9749	setup_monster	sentinel_or_pic_only	255	255			0	11	None	0x9749 0x0C SETUP MONSTER sprite_id: 255 max_distance: 0 pic_id: 11
38	Losangelorg Sprawls	0x9754	load_monster	constant	11	11	RATWURST		None	11	10	0x9754 0x0B LOAD MONSTER monster_id: 11 copies: 10 cpic_id: 11
38	Losangelorg Sprawls	0x98E5	setup_monster	sentinel_or_pic_only	255	255			0	11	None	0x98E5 0x0C SETUP MONSTER sprite_id: 255 max_distance: 0 pic_id: 11
38	Losangelorg Sprawls	0x99F8	setup_monster	constant	12	12	GANG LEADER		0	255	None	0x99F8 0x0C SETUP MONSTER sprite_id: 12 max_distance: 0 pic_id: 255
38	Losangelorg Sprawls	0x9B5B	setup_monster	constant	5	5	PURGE COMMANDO		0	255	None	0x9B5B 0x0C SETUP MONSTER sprite_id: 5 max_distance: 0 pic_id: 255
48		0x8B4D	setup_monster	sentinel_or_pic_only	255	255			0	255	None	0x8B4D 0x0C SETUP MONSTER sprite_id: 255 max_distance: 0 pic_id: 255
48		0x8CBB	setup_monster	sentinel_or_pic_only	255	255			2	255	None	0x8CBB 0x0C SETUP MONSTER sprite_id: 255 max_distance: 2 pic_id: 255
49	Lowlander Village	0x8536	setup_monster	constant	61	61	LL. WARRIOR		2	255	None	0x8536 0x0C SETUP MONSTER sprite_id: 61 max_distance: 2 pic_id: 255
49	Lowlander Village	0x955E	setup_monster	constant	61	61	LL. WARRIOR		0	255	None	0x955E 0x0C SETUP MONSTER sprite_id: 61 max_distance: 0 pic_id: 255
49	Lowlander Village	0x9876	setup_monster	constant	61	61	LL. WARRIOR		0	255	None	0x9876 0x0C SETUP MONSTER sprite_id: 61 max_distance: 0 pic_id: 255
49	Lowlander Village	0x995D	setup_monster	constant	61	61	LL. WARRIOR		1	255	None	0x995D 0x0C SETUP MONSTER sprite_id: 61 max_distance: 1 pic_id: 255
49	Lowlander Village	0xA0EE	setup_monster	constant	41	41	URSADDER		1	255	None	0xA0EE 0x0C SETUP MONSTER sprite_id: 41 max_distance: 1 pic_id: 255
49	Lowlander Village	0xA254	setup_monster	constant	41	41	URSADDER		0	255	None	0xA254 0x0C SETUP MONSTER sprite_id: 41 max_distance: 0 pic_id: 255
49	Lowlander Village	0xA28B	setup_monster	constant	61	61	LL. WARRIOR		2	255	None	0xA28B 0x0C SETUP MONSTER sprite_id: 61 max_distance: 2 pic_id: 255
50	Venus Laboratory, Level 1	0x85A3	setup_monster	constant	61	61	LL. WARRIOR		2	255	None	0x85A3 0x0C SETUP MONSTER sprite_id: 61 max_distance: 2 pic_id: 255
50	Venus Laboratory, Level 1	0x874B	setup_monster	constant	5	5	PURGE COMMANDO		1	255	None	0x874B 0x0C SETUP MONSTER sprite_id: 5 max_distance: 1 pic_id: 255
50	Venus Laboratory, Level 1	0x89B7	setup_monster	constant	5	5	PURGE COMMANDO		0	255	None	0x89B7 0x0C SETUP MONSTER sprite_id: 5 max_distance: 0 pic_id: 255
50	Venus Laboratory, Level 1	0x8C94	setup_monster	constant	5	5	PURGE COMMANDO		1	255	None	0x8C94 0x0C SETUP MONSTER sprite_id: 5 max_distance: 1 pic_id: 255
50	Venus Laboratory, Level 1	0x8CCE	setup_monster	constant	33	33	MER. WARRIOR		1	255	None	0x8CCE 0x0C SETUP MONSTER sprite_id: 33 max_distance: 1 pic_id: 255
50	Venus Laboratory, Level 1	0x8DD2	setup_monster	constant	5	5	PURGE COMMANDO		0	255	None	0x8DD2 0x0C SETUP MONSTER sprite_id: 5 max_distance: 0 pic_id: 255
50	Venus Laboratory, Level 1	0x8E6E	setup_monster	constant	33	33	MER. WARRIOR		0	255	None	0x8E6E 0x0C SETUP MONSTER sprite_id: 33 max_distance: 0 pic_id: 255
50	Venus Laboratory, Level 1	0x8EAB	setup_monster	constant	50	50	SECURITY ROBOT		0	255	None	0x8EAB 0x0C SETUP MONSTER sprite_id: 50 max_distance: 0 pic_id: 255
50	Venus Laboratory, Level 1	0x8EFD	setup_monster	constant	5	5	PURGE COMMANDO		1	255	None	0x8EFD 0x0C SETUP MONSTER sprite_id: 5 max_distance: 1 pic_id: 255
50	Venus Laboratory, Level 1	0x917A	setup_monster	constant	5	5	PURGE COMMANDO		2	255	None	0x917A 0x0C SETUP MONSTER sprite_id: 5 max_distance: 2 pic_id: 255
50	Venus Laboratory, Level 1	0x9247	setup_monster	constant	5	5	PURGE COMMANDO		0	255	None	0x9247 0x0C SETUP MONSTER sprite_id: 5 max_distance: 0 pic_id: 255
50	Venus Laboratory, Level 1	0x94D5	setup_monster	constant	5	5	PURGE COMMANDO		0	255	None	0x94D5 0x0C SETUP MONSTER sprite_id: 5 max_distance: 0 pic_id: 255
50	Venus Laboratory, Level 1	0x9AA7	setup_monster	constant	5	5	PURGE COMMANDO		1	255	None	0x9AA7 0x0C SETUP MONSTER sprite_id: 5 max_distance: 1 pic_id: 255
50	Venus Laboratory, Level 1	0x9E34	setup_monster	constant	61	61	LL. WARRIOR		0	255	None	0x9E34 0x0C SETUP MONSTER sprite_id: 61 max_distance: 0 pic_id: 255
50	Venus Laboratory, Level 1	0xA227	setup_monster	constant	33	33	MER. WARRIOR		0	255	None	0xA227 0x0C SETUP MONSTER sprite_id: 33 max_distance: 0 pic_id: 255
64	Luna Base	0x97C6	setup_monster	constant	5	5	PURGE COMMANDO		0	255	None	0x97C6 0x0C SETUP MONSTER sprite_id: 5 max_distance: 0 pic_id: 255
64	Luna Base	0x97FE	setup_monster	constant	14	14	LUNARIAN WARR		0	255	None	0x97FE 0x0C SETUP MONSTER sprite_id: 14 max_distance: 0 pic_id: 255
65	Tsai Weaponry Labs	0x8468	setup_monster	sentinel_or_pic_only	255	255			0	18	None	0x8468 0x0C SETUP MONSTER sprite_id: 255 max_distance: 0 pic_id: 18
65	Tsai Weaponry Labs	0x85A4	setup_monster	constant	5	5	PURGE COMMANDO		2	255	None	0x85A4 0x0C SETUP MONSTER sprite_id: 5 max_distance: 2 pic_id: 255
65	Tsai Weaponry Labs	0x85D4	setup_monster	constant	5	5	PURGE COMMANDO		2	255	None	0x85D4 0x0C SETUP MONSTER sprite_id: 5 max_distance: 2 pic_id: 255
65	Tsai Weaponry Labs	0x863A	setup_monster	sentinel_or_pic_only	255	255			0	18	None	0x863A 0x0C SETUP MONSTER sprite_id: 255 max_distance: 0 pic_id: 18
65	Tsai Weaponry Labs	0x89B6	setup_monster	sentinel_or_pic_only	255	255			0	18	None	0x89B6 0x0C SETUP MONSTER sprite_id: 255 max_distance: 0 pic_id: 18
66	RAM Battler, Deimos Level 19-41	0x9494	setup_monster	constant	52	52	RAM WARRIOR		0	255	None	0x9494 0x0C SETUP MONSTER sprite_id: 52 max_distance: 0 pic_id: 255
66	RAM Battler, Deimos Level 19-41	0x94DF	setup_monster	constant	52	52	RAM WARRIOR		1	255	None	0x94DF 0x0C SETUP MONSTER sprite_id: 52 max_distance: 1 pic_id: 255
66	RAM Battler, Deimos Level 19-41	0x9976	setup_monster	constant	52	52	RAM WARRIOR		0	255	None	0x9976 0x0C SETUP MONSTER sprite_id: 52 max_distance: 0 pic_id: 255
66	RAM Battler, Deimos Level 19-41	0x9A90	setup_monster	constant	50	50	SECURITY ROBOT		1	255	None	0x9A90 0x0C SETUP MONSTER sprite_id: 50 max_distance: 1 pic_id: 255
66	RAM Battler, Deimos Level 19-41	0x9B98	setup_monster	constant	52	52	RAM WARRIOR		1	255	None	0x9B98 0x0C SETUP MONSTER sprite_id: 52 max_distance: 1 pic_id: 255
80	Mars Prison, Level 1	0x8402	setup_monster	constant	47	47	RAM G.D. GENNIE		0	255	None	0x8402 0x0C SETUP MONSTER sprite_id: 47 max_distance: 0 pic_id: 255
80	Mars Prison, Level 1	0x863E	load_monster	dynamic	area1.event_word_23A	None			None	area1.event_word_23A	area2.event_scratch0	0x863E 0x0B LOAD MONSTER monster_id: area1.event_word_23A copies: area2.event_scratch0 cpic_id: area1.event_word_23A
80	Mars Prison, Level 1	0x9371	setup_monster	constant	49	49	COMBAT ROBOT		1	255	None	0x9371 0x0C SETUP MONSTER sprite_id: 49 max_distance: 1 pic_id: 255
80	Mars Prison, Level 1	0x9DEA	setup_monster	sentinel_or_pic_only	255	255			0	24	None	0x9DEA 0x0C SETUP MONSTER sprite_id: 255 max_distance: 0 pic_id: 24
80	Mars Prison, Level 1	0x9EB4	setup_monster	sentinel_or_pic_only	255	255			0	24	None	0x9EB4 0x0C SETUP MONSTER sprite_id: 255 max_distance: 0 pic_id: 24
80	Mars Prison, Level 1	0x9F60	setup_monster	constant	50	50	SECURITY ROBOT		2	255	None	0x9F60 0x0C SETUP MONSTER sprite_id: 50 max_distance: 2 pic_id: 255
80	Mars Prison, Level 1	0x9FD6	setup_monster	constant	52	52	RAM WARRIOR		1	255	None	0x9FD6 0x0C SETUP MONSTER sprite_id: 52 max_distance: 1 pic_id: 255
80	Mars Prison, Level 1	0xA367	setup_monster	dynamic	area1.event_word_214	None			0	area1.event_word_238	None	0xA367 0x0C SETUP MONSTER sprite_id: area1.event_word_214 max_distance: 0 pic_id: area1.event_word_238
81	PURGE Headquarters, Floors Ground-Upper	0x8750	setup_monster	constant	5	5	PURGE COMMANDO		0	255	None	0x8750 0x0C SETUP MONSTER sprite_id: 5 max_distance: 0 pic_id: 255
81	PURGE Headquarters, Floors Ground-Upper	0x953C	setup_monster	constant	5	5	PURGE COMMANDO		0	255	None	0x953C 0x0C SETUP MONSTER sprite_id: 5 max_distance: 0 pic_id: 255
82	NEO Installation	0x8610	setup_monster	constant	52	52	RAM WARRIOR		0	255	None	0x8610 0x0C SETUP MONSTER sprite_id: 52 max_distance: 0 pic_id: 255
82	NEO Installation	0x8641	setup_monster	constant	47	47	RAM G.D. GENNIE		0	255	None	0x8641 0x0C SETUP MONSTER sprite_id: 47 max_distance: 0 pic_id: 255
82	NEO Installation	0x865F	setup_monster	constant	49	49	COMBAT ROBOT		0	255	None	0x865F 0x0C SETUP MONSTER sprite_id: 49 max_distance: 0 pic_id: 255
82	NEO Installation	0x906A	setup_monster	constant	51	51	DEFENSE ROBOT		0	255	None	0x906A 0x0C SETUP MONSTER sprite_id: 51 max_distance: 0 pic_id: 255
84	Mars Prison, Level 2	0x8179	setup_monster	constant	5	5	PURGE COMMANDO		0	255	None	0x8179 0x0C SETUP MONSTER sprite_id: 5 max_distance: 0 pic_id: 255
84	Mars Prison, Level 2	0x81D7	setup_monster	constant	12	12	GANG LEADER		0	255	None	0x81D7 0x0C SETUP MONSTER sprite_id: 12 max_distance: 0 pic_id: 255
84	Mars Prison, Level 2	0x850B	setup_monster	constant	12	12	GANG LEADER		2	255	None	0x850B 0x0C SETUP MONSTER sprite_id: 12 max_distance: 2 pic_id: 255
84	Mars Prison, Level 2	0x952C	setup_monster	sentinel_or_pic_only	255	255			2	31	None	0x952C 0x0C SETUP MONSTER sprite_id: 255 max_distance: 2 pic_id: 31
84	Mars Prison, Level 2	0x95B4	setup_monster	constant	12	12	GANG LEADER		0	255	None	0x95B4 0x0C SETUP MONSTER sprite_id: 12 max_distance: 0 pic_id: 255
96	Living Ship	0x82D4	setup_monster	constant	44	44	PIRATE LEADER		0	255	None	0x82D4 0x0C SETUP MONSTER sprite_id: 44 max_distance: 0 pic_id: 255
96	Living Ship	0x8362	setup_monster	constant	36	36	HYPERCRAB		0	255	None	0x8362 0x0C SETUP MONSTER sprite_id: 36 max_distance: 0 pic_id: 255
96	Living Ship	0x841F	setup_monster	constant	44	44	PIRATE LEADER		0	255	None	0x841F 0x0C SETUP MONSTER sprite_id: 44 max_distance: 0 pic_id: 255
96	Living Ship	0x87DB	setup_monster	constant	44	44	PIRATE LEADER		0	255	None	0x87DB 0x0C SETUP MONSTER sprite_id: 44 max_distance: 0 pic_id: 255
96	Living Ship	0x8826	setup_monster	constant	44	44	PIRATE LEADER		2	255	None	0x8826 0x0C SETUP MONSTER sprite_id: 44 max_distance: 2 pic_id: 255
96	Living Ship	0x8D1B	setup_monster	constant	44	44	PIRATE LEADER		0	255	None	0x8D1B 0x0C SETUP MONSTER sprite_id: 44 max_distance: 0 pic_id: 255
96	Living Ship	0x9B21	setup_monster	constant	45	45	PIR. COM. ROBOT		1	255	None	0x9B21 0x0C SETUP MONSTER sprite_id: 45 max_distance: 1 pic_id: 255
96	Living Ship	0x9BA7	setup_monster	sentinel_or_pic_only	255	255			0	255	None	0x9BA7 0x0C SETUP MONSTER sprite_id: 255 max_distance: 0 pic_id: 255
97	Living Ship	0x83E6	setup_monster	constant	44	44	PIRATE LEADER		0	255	None	0x83E6 0x0C SETUP MONSTER sprite_id: 44 max_distance: 0 pic_id: 255
97	Living Ship	0x847A	setup_monster	constant	45	45	PIR. COM. ROBOT		0	255	None	0x847A 0x0C SETUP MONSTER sprite_id: 45 max_distance: 0 pic_id: 255
97	Living Ship	0x84B4	setup_monster	constant	45	45	PIR. COM. ROBOT		0	255	None	0x84B4 0x0C SETUP MONSTER sprite_id: 45 max_distance: 0 pic_id: 255
97	Living Ship	0x8BA7	setup_monster	constant	44	44	PIRATE LEADER		0	255	None	0x8BA7 0x0C SETUP MONSTER sprite_id: 44 max_distance: 0 pic_id: 255
97	Living Ship	0x8FAF	setup_monster	constant	44	44	PIRATE LEADER		0	255	None	0x8FAF 0x0C SETUP MONSTER sprite_id: 44 max_distance: 0 pic_id: 255
97	Living Ship	0x947F	setup_monster	constant	44	44	PIRATE LEADER		0	255	None	0x947F 0x0C SETUP MONSTER sprite_id: 44 max_distance: 0 pic_id: 255
97	Living Ship	0x97F1	setup_monster	sentinel_or_pic_only	255	255			0	83	None	0x97F1 0x0C SETUP MONSTER sprite_id: 255 max_distance: 0 pic_id: 83
97	Living Ship	0x983F	setup_monster	constant	44	44	PIRATE LEADER		1	255	None	0x983F 0x0C SETUP MONSTER sprite_id: 44 max_distance: 1 pic_id: 255
97	Living Ship	0x9AAD	setup_monster	constant	45	45	PIR. COM. ROBOT		0	255	None	0x9AAD 0x0C SETUP MONSTER sprite_id: 45 max_distance: 0 pic_id: 255
98		0x81A4	setup_monster	constant	45	45	PIR. COM. ROBOT		0	255	None	0x81A4 0x0C SETUP MONSTER sprite_id: 45 max_distance: 0 pic_id: 255
98		0x87D0	setup_monster	constant	44	44	PIRATE LEADER		0	255	None	0x87D0 0x0C SETUP MONSTER sprite_id: 44 max_distance: 0 pic_id: 255
98		0x8B5D	setup_monster	constant	45	45	PIR. COM. ROBOT		0	255	None	0x8B5D 0x0C SETUP MONSTER sprite_id: 45 max_distance: 0 pic_id: 255
98		0x9472	setup_monster	constant	44	44	PIRATE LEADER		1	255	None	0x9472 0x0C SETUP MONSTER sprite_id: 44 max_distance: 1 pic_id: 255
98		0x9AEE	setup_monster	constant	44	44	PIRATE LEADER		0	255	None	0x9AEE 0x0C SETUP MONSTER sprite_id: 44 max_distance: 0 pic_id: 255
112	Stormrider University	0x840D	setup_monster	constant	19	19	AMALTHEAN WARR		0	255	None	0x840D 0x0C SETUP MONSTER sprite_id: 19 max_distance: 0 pic_id: 255
112	Stormrider University	0x8443	setup_monster	constant	19	19	AMALTHEAN WARR		2	255	None	0x8443 0x0C SETUP MONSTER sprite_id: 19 max_distance: 2 pic_id: 255
112	Stormrider University	0x84A0	setup_monster	constant	63	63	JOVIAN DRAGON		2	255	None	0x84A0 0x0C SETUP MONSTER sprite_id: 63 max_distance: 2 pic_id: 255
112	Stormrider University	0x8655	setup_monster	constant	19	19	AMALTHEAN WARR		0	255	None	0x8655 0x0C SETUP MONSTER sprite_id: 19 max_distance: 0 pic_id: 255
112	Stormrider University	0x8796	setup_monster	constant	63	63	JOVIAN DRAGON		0	255	None	0x8796 0x0C SETUP MONSTER sprite_id: 63 max_distance: 0 pic_id: 255
112	Stormrider University	0x88D9	setup_monster	constant	63	63	JOVIAN DRAGON		0	255	None	0x88D9 0x0C SETUP MONSTER sprite_id: 63 max_distance: 0 pic_id: 255
112	Stormrider University	0x8ACE	setup_monster	constant	19	19	AMALTHEAN WARR		0	255	None	0x8ACE 0x0C SETUP MONSTER sprite_id: 19 max_distance: 0 pic_id: 255
112	Stormrider University	0x8DAF	setup_monster	constant	19	19	AMALTHEAN WARR		0	255	None	0x8DAF 0x0C SETUP MONSTER sprite_id: 19 max_distance: 0 pic_id: 255
112	Stormrider University	0x8E8B	setup_monster	constant	19	19	AMALTHEAN WARR		1	255	None	0x8E8B 0x0C SETUP MONSTER sprite_id: 19 max_distance: 1 pic_id: 255
112	Stormrider University	0x8FFF	setup_monster	constant	19	19	AMALTHEAN WARR		1	255	None	0x8FFF 0x0C SETUP MONSTER sprite_id: 19 max_distance: 1 pic_id: 255
112	Stormrider University	0x93E0	setup_monster	constant	19	19	AMALTHEAN WARR		0	255	None	0x93E0 0x0C SETUP MONSTER sprite_id: 19 max_distance: 0 pic_id: 255
112	Stormrider University	0x9487	setup_monster	sentinel_or_pic_only	255	255			0	255	None	0x9487 0x0C SETUP MONSTER sprite_id: 255 max_distance: 0 pic_id: 255
112	Stormrider University	0x957F	setup_monster	constant	19	19	AMALTHEAN WARR		0	255	None	0x957F 0x0C SETUP MONSTER sprite_id: 19 max_distance: 0 pic_id: 255
113	Genetics Foundation Building, Levels 1-4	0x8A36	setup_monster	constant	19	19	AMALTHEAN WARR		area2.event_scratch0	255	None	0x8A36 0x0C SETUP MONSTER sprite_id: 19 max_distance: area2.event_scratch0 pic_id: 255
113	Genetics Foundation Building, Levels 1-4	0x8A86	setup_monster	constant	19	19	AMALTHEAN WARR		2	255	None	0x8A86 0x0C SETUP MONSTER sprite_id: 19 max_distance: 2 pic_id: 255
113	Genetics Foundation Building, Levels 1-4	0x8B47	setup_monster	constant	50	50	SECURITY ROBOT		0	255	None	0x8B47 0x0C SETUP MONSTER sprite_id: 50 max_distance: 0 pic_id: 255
113	Genetics Foundation Building, Levels 1-4	0x8BA6	setup_monster	constant	49	49	COMBAT ROBOT		2	255	None	0x8BA6 0x0C SETUP MONSTER sprite_id: 49 max_distance: 2 pic_id: 255
113	Genetics Foundation Building, Levels 1-4	0x8FA0	setup_monster	constant	51	51	DEFENSE ROBOT		0	255	None	0x8FA0 0x0C SETUP MONSTER sprite_id: 51 max_distance: 0 pic_id: 255
113	Genetics Foundation Building, Levels 1-4	0x9395	setup_monster	constant	50	50	SECURITY ROBOT		0	255	None	0x9395 0x0C SETUP MONSTER sprite_id: 50 max_distance: 0 pic_id: 255
113	Genetics Foundation Building, Levels 1-4	0x94FD	setup_monster	constant	51	51	DEFENSE ROBOT		2	255	None	0x94FD 0x0C SETUP MONSTER sprite_id: 51 max_distance: 2 pic_id: 255
113	Genetics Foundation Building, Levels 1-4	0x98D4	setup_monster	constant	19	19	AMALTHEAN WARR		0	255	None	0x98D4 0x0C SETUP MONSTER sprite_id: 19 max_distance: 0 pic_id: 255
113	Genetics Foundation Building, Levels 1-4	0x9A5F	setup_monster	constant	19	19	AMALTHEAN WARR		0	255	None	0x9A5F 0x0C SETUP MONSTER sprite_id: 19 max_distance: 0 pic_id: 255
113	Genetics Foundation Building, Levels 1-4	0x9D96	setup_monster	constant	64	64	WASPHOPPER		2	255	None	0x9D96 0x0C SETUP MONSTER sprite_id: 64 max_distance: 2 pic_id: 255
114	Jupiter Finale	0x8373	setup_monster	constant	49	49	COMBAT ROBOT		0	255	None	0x8373 0x0C SETUP MONSTER sprite_id: 49 max_distance: 0 pic_id: 255
114	Jupiter Finale	0x85AF	setup_monster	constant	40	40	SAND SQUID		1	255	None	0x85AF 0x0C SETUP MONSTER sprite_id: 40 max_distance: 1 pic_id: 255
114	Jupiter Finale	0x8A6B	setup_monster	sentinel_or_pic_only	255	255			0	32	None	0x8A6B 0x0C SETUP MONSTER sprite_id: 255 max_distance: 0 pic_id: 32
114	Jupiter Finale	0x98A6	setup_monster	sentinel_or_pic_only	255	255			0	32	None	0x98A6 0x0C SETUP MONSTER sprite_id: 255 max_distance: 0 pic_id: 32
114	Jupiter Finale	0x9E1B	setup_monster	constant	33	33	MER. WARRIOR		2	255	None	0x9E1B 0x0C SETUP MONSTER sprite_id: 33 max_distance: 2 pic_id: 255
114	Jupiter Finale	0x9F3D	setup_monster	sentinel_or_pic_only	255	255			2	255	None	0x9F3D 0x0C SETUP MONSTER sprite_id: 255 max_distance: 2 pic_id: 255
114	Jupiter Finale	0x9F95	setup_monster	constant	49	49	COMBAT ROBOT		2	255	None	0x9F95 0x0C SETUP MONSTER sprite_id: 49 max_distance: 2 pic_id: 255
114	Jupiter Finale	0xA025	setup_monster	constant	33	33	MER. WARRIOR		0	255	None	0xA025 0x0C SETUP MONSTER sprite_id: 33 max_distance: 0 pic_id: 255
114	Jupiter Finale	0xA087	setup_monster	constant	52	52	RAM WARRIOR		1	255	None	0xA087 0x0C SETUP MONSTER sprite_id: 52 max_distance: 1 pic_id: 255
114	Jupiter Finale	0xA0D6	setup_monster	constant	50	50	SECURITY ROBOT		0	255	None	0xA0D6 0x0C SETUP MONSTER sprite_id: 50 max_distance: 0 pic_id: 255
114	Jupiter Finale	0xA178	setup_monster	sentinel_or_pic_only	255	255			1	255	None	0xA178 0x0C SETUP MONSTER sprite_id: 255 max_distance: 1 pic_id: 255
114	Jupiter Finale	0xA19C	load_monster	constant	39	39	LG. E.C. GENNIE		None	39	area1.event_word_21C	0xA19C 0x0B LOAD MONSTER monster_id: 39 copies: area1.event_word_21C cpic_id: 39
114	Jupiter Finale	0xA1A4	load_monster	constant	32	32	STAGE 5 ECG		None	32	area2.event_scratch0	0xA1A4 0x0B LOAD MONSTER monster_id: 32 copies: area2.event_scratch0 cpic_id: 32
114	Jupiter Finale	0xA341	setup_monster	constant	51	51	DEFENSE ROBOT		0	255	None	0xA341 0x0C SETUP MONSTER sprite_id: 51 max_distance: 0 pic_id: 255
